"Common Name","ISO 4217 Currency Code"
"Afghanistan","AFN"
"Albania","ALL"
"Algeria","DZD"
"Andorra","EUR"
"Angola","AOA"
"Antigua and Barbuda","XCD"
"Argentina","ARS"
"Armenia","AMD"
"Australia","AUD"
"Austria","EUR"
"Azerbaijan","AZN"
"Bahamas, The","BSD"
"Bahrain","BHD"
"Bangladesh","BDT"
"Barbados","BBD"
"Belarus","BYR"
"Belgium","EUR"
"Belize","BZD"
"Benin","XOF"
"Bhutan","BTN"
"Bolivia","BOB"
"Bosnia and Herzegovina","BAM"
"Botswana","BWP"
"Brazil","BRL"
"Brunei","BND"
"Bulgaria","BGN"
"Burkina Faso","XOF"
"Burundi","BIF"
"Cambodia","KHR"
"Cameroon","XAF"
"Canada","CAD"
"Cape Verde","CVE"
"Central African Republic","XAF"
"Chad","XAF"
"Chile","CLP"
"China, People's Republic of","CNY"
"Colombia","COP"
"Comoros","KMF"
"Congo, Democratic Republic of the (Congo - Kinshasa)","CDF"
"Congo, Republic of the (Congo - Brazzaville)","XAF"
"Costa Rica","CRC"
"Cote d'Ivoire (Ivory Coast)","XOF"
"Croatia","HRK"
"Cuba","CUP"
"Cyprus","CYP"
"Czech Republic","CZK"
"Denmark","DKK"
"Djibouti","DJF"
"Dominica","XCD"
"Dominican Republic","DOP"
"Ecuador","USD"
"Egypt","EGP"
"El Salvador","USD"
"Equatorial Guinea","XAF"
"Eritrea","ERN"
"Estonia","EEK"
"Ethiopia","ETB"
"Fiji","FJD"
"Finland","EUR"
"France","EUR"
"Gabon","XAF"
"Gambia, The","GMD"
"Georgia","GEL"
"Germany","EUR"
"Ghana","GHS"
"Greece","EUR"
"Grenada","XCD"
"Guatemala","GTQ"
"Guinea","GNF"
"Guinea-Bissau","XOF"
"Guyana","GYD"
"Haiti","HTG"
"Honduras","HNL"
"Hungary","HUF"
"Iceland","ISK"
"India","INR"
"Indonesia","IDR"
"Iran","IRR"
"Iraq","IQD"
"Ireland","EUR"
"Israel","ILS"
"Italy","EUR"
"Jamaica","JMD"
"Japan","JPY"
"Jordan","JOD"
"Kazakhstan","KZT"
"Kenya","KES"
"Kiribati","AUD"
"Korea, Democratic People's Republic of (North Korea)","KPW"
"Korea, Republic of  (South Korea)","KRW"
"Kuwait","KWD"
"Kyrgyzstan","KGS"
"Laos","LAK"
"Latvia","LVL"
"Lebanon","LBP"
"Lesotho","LSL"
"Liberia","LRD"
"Libya","LYD"
"Liechtenstein","CHF"
"Lithuania","LTL"
"Luxembourg","EUR"
"Macedonia","MKD"
"Madagascar","MGA"
"Malawi","MWK"
"Malaysia","MYR"
"Maldives","MVR"
"Mali","XOF"
"Malta","MTL"
"Marshall Islands","USD"
"Mauritania","MRO"
"Mauritius","MUR"
"Mexico","MXN"
"Micronesia","USD"
"Moldova","MDL"
"Monaco","EUR"
"Mongolia","MNT"
"Montenegro","EUR"
"Morocco","MAD"
"Mozambique","MZM"
"Myanmar (Burma)","MMK"
"Namibia","NAD"
"Nauru","AUD"
"Nepal","NPR"
"Netherlands","EUR"
"New Zealand","NZD"
"Nicaragua","NIO"
"Niger","XOF"
"Nigeria","NGN"
"Norway","NOK"
"Oman","OMR"
"Pakistan","PKR"
"Palau","USD"
"Panama","PAB"
"Papua New Guinea","PGK"
"Paraguay","PYG"
"Peru","PEN"
"Philippines","PHP"
"Poland","PLN"
"Portugal","EUR"
"Qatar","QAR"
"Romania","RON"
"Russia","RUB"
"Rwanda","RWF"
"Saint Kitts and Nevis","XCD"
"Saint Lucia","XCD"
"Saint Vincent and the Grenadines","XCD"
"Samoa","WST"
"San Marino","EUR"
"Sao Tome and Principe","STD"
"Saudi Arabia","SAR"
"Senegal","XOF"
"Serbia","RSD"
"Seychelles","SCR"
"Sierra Leone","SLL"
"Singapore","SGD"
"Slovakia","SKK"
"Slovenia","EUR"
"Solomon Islands","SBD"
"Somalia","SOS"
"South Africa","ZAR"
"Spain","EUR"
"Sri Lanka","LKR"
"Sudan","SDG"
"Suriname","SRD"
"Swaziland","SZL"
"Sweden","SEK"
"Switzerland","CHF"
"Syria","SYP"
"Tajikistan","TJS"
"Tanzania","TZS"
"Thailand","THB"
"Timor-Leste (East Timor)","USD"
"Togo","XOF"
"Tonga","TOP"
"Trinidad and Tobago","TTD"
"Tunisia","TND"
"Turkey","TRY"
"Turkmenistan","TMM"
"Tuvalu","AUD"
"Uganda","UGX"
"Ukraine","UAH"
"United Arab Emirates","AED"
"United Kingdom","GBP"
"United States","USD"
"Uruguay","UYU"
"Uzbekistan","UZS"
"Vanuatu","VUV"
"Vatican City","EUR"
"Venezuela","VEB"
"Vietnam","VND"
"Yemen","YER"
"Zambia","ZMK"
"Zimbabwe","ZWD"
"Abkhazia","RUB"
"China, Republic of (Taiwan)","TWD"
"Nagorno-Karabakh","AMD"
"Northern Cyprus","TRY"
"Pridnestrovie (Transnistria)",
"Somaliland",
"South Ossetia","RUB and GEL"
"Ashmore and Cartier Islands",
"Christmas Island","AUD"
"Cocos (Keeling) Islands","AUD"
"Coral Sea Islands",
"Heard Island and McDonald Islands",
"Norfolk Island","AUD"
"New Caledonia","XPF"
"French Polynesia","XPF"
"Mayotte","EUR"
"Saint Barthelemy","EUR"
"Saint Martin","EUR"
"Saint Pierre and Miquelon","EUR"
"Wallis and Futuna","XPF"
"French Southern and Antarctic Lands",
"Clipperton Island",
"Bouvet Island",
"Cook Islands","NZD"
"Niue","NZD"
"Tokelau","NZD"
"Guernsey","GGP"
"Isle of Man","IMP"
"Jersey","JEP"
"Anguilla","XCD"
"Bermuda","BMD"
"British Indian Ocean Territory",
"British Sovereign Base Areas","CYP"
"British Virgin Islands","USD"
"Cayman Islands","KYD"
"Falkland Islands (Islas Malvinas)","FKP"
"Gibraltar","GIP"
"Montserrat","XCD"
"Pitcairn Islands","NZD"
"Saint Helena","SHP"
"South Georgia and the South Sandwich Islands",
"Turks and Caicos Islands","USD"
"Northern Mariana Islands","USD"
"Puerto Rico","USD"
"American Samoa","USD"
"Baker Island",
"Guam","USD"
"Howland Island",
"Jarvis Island",
"Johnston Atoll",
"Kingman Reef",
"Midway Islands",
"Navassa Island",
"Palmyra Atoll",
"U.S. Virgin Islands","USD"
"Wake Island",
"Hong Kong","HKD"
"Macau","MOP"
"Faroe Islands","DKK"
"Greenland","DKK"
"French Guiana","EUR"
"Guadeloupe","EUR"
"Martinique","EUR"
"Reunion","EUR"
"Aland","EUR"
"Aruba","AWG"
"Netherlands Antilles","ANG"
"Svalbard","NOK"
"Ascension","SHP"
"Tristan da Cunha","SHP"
"Antarctica",
"Kosovo","CSD and EUR"
"Palestinian Territories (Gaza Strip and West Bank)","ILS"
"Western Sahara","MAD"
"Australian Antarctic Territory",
"Ross Dependency",
"Peter I Island",
"Queen Maud Land",
"British Antarctic Territory",
